100,1,Willa,Pelerin,wpelerin0@creativecommons.org,Female,134.99.202.39
100,2,Aeriell,Puvia,apuvia1@china.com.cn,Female,192.37.141.3
100,3,Erma,Cartmill,ecartmill2@hc360.com,Female,91.140.206.242
100,4,Kristopher,Keymar,kkeymar3@tuttocitta.it,Male,238.119.2.14
100,5,Mordy,Bront,mbront4@is.gd,Male,47.196.83.66
100,6,Amelia,Hardwicke,ahardwicke5@cocolog-nifty.com,Female,10.135.214.237
100,7,Benedick,Fullom,bfullom6@samsung.com,Male,37.182.212.126
100,8,Lorin,Riddock,lriddock7@un.org,Male,190.96.127.194
100,9,Enoch,Chason,echason8@opensource.org,Male,229.194.212.0
100,10,Cindi,Bohea,cbohea9@homestead.com,Female,90.179.236.199
100,11,Ricky,Gusticke,rgustickea@technorati.com,Male,94.203.16.167
100,12,Mathilde,Locksley,mlocksleyb@livejournal.com,Female,177.239.208.234
100,13,Humberto,Leavens,hleavensc@netvibes.com,Male,220.5.31.19
100,14,Gwenora,Musk,gmuskd@g.co,Female,235.164.102.128
100,15,Montgomery,McGrail,mmcgraile@disqus.com,Male,173.186.207.6
100,16,Dene,MacDonnell,dmacdonnellf@ed.gov,Male,250.50.234.224
100,17,Pascal,Pennock,ppennockg@deviantart.com,Male,207.89.41.28
100,18,Silvester,Anshell,sanshellh@cbsnews.com,Male,18.124.66.124
100,19,Ashlin,Summerfield,asummerfieldi@xrea.com,Male,84.126.107.215
100,20,Sheffie,Ortiga,sortigaj@twitpic.com,Male,233.223.85.171
100,21,Sandro,Hursey,shurseyk@naver.com,Male,133.15.15.102
100,22,Joey,Elgie,jelgiel@flickr.com,Male,158.187.157.251
100,23,Isidora,Puttan,iputtanm@csmonitor.com,Female,94.173.128.210
100,24,Nelson,Robens,nrobensn@furl.net,Male,131.162.234.194
100,25,Karalee,Jime,kjimeo@gmpg.org,Female,14.139.175.8
100,26,Stacey,Wenham,swenhamp@linkedin.com,Female,143.9.89.73
100,27,Aigneis,De Bruin,adebruinq@netscape.com,Female,175.234.83.59
100,28,Erich,Valens-Smith,evalenssmithr@ucoz.ru,Male,212.70.136.165
100,29,Domenic,Skentelbery,dskentelberys@ameblo.jp,Male,173.60.110.188
100,30,Jeanna,Muneely,jmuneelyt@cbsnews.com,Female,139.206.44.84
100,31,Gayle,Huntall,ghuntallu@imageshack.us,Female,186.212.24.114
100,32,Arabel,Justham,ajusthamv@amazon.de,Female,181.216.34.142
100,33,Andras,Coneley,aconeleyw@indiatimes.com,Male,217.109.6.88
100,34,Rosy,Woodeson,rwoodesonx@soup.io,Female,174.48.156.195
100,35,Zach,Townrow,ztownrowy@comsenz.com,Male,189.14.253.148
100,36,Mia,Paskins,mpaskinsz@ft.com,Female,183.157.25.72
100,37,Jerrilyn,Woolis,jwoolis10@360.cn,Female,190.143.71.40
100,38,Vivie,Pack,vpack11@multiply.com,Female,53.94.176.163
100,39,Rees,Gristhwaite,rgristhwaite12@slideshare.net,Male,152.39.118.9
100,40,Nickolas,Robuchon,nrobuchon13@aboutads.info,Male,208.16.154.107
100,41,Richy,Raithmill,rraithmill14@msn.com,Male,74.126.208.21
100,42,Tawnya,Belden,tbelden15@ocn.ne.jp,Female,249.74.145.13
100,43,Courtnay,Lacky,clacky16@bloomberg.com,Female,22.112.156.204
100,44,Kacy,Beckson,kbeckson17@google.es,Female,92.27.212.239
100,45,Veriee,Schermick,vschermick18@wiley.com,Female,230.107.135.50
100,46,Roberta,Mort,rmort19@jiathis.com,Female,145.193.11.185
100,47,Toddy,Graith,tgraith1a@drupal.org,Male,44.8.237.75
100,48,Benjamin,Origan,borigan1b@tripod.com,Male,20.117.44.230
100,49,Raoul,Franies,rfranies1c@unicef.org,Male,59.67.49.25
100,50,Chaunce,Mitchelhill,cmitchelhill1d@nifty.com,Male,47.28.127.29
100,51,Maxwell,Colvin,mcolvin1e@columbia.edu,Male,142.197.130.91
100,52,Nataniel,Arthur,narthur1f@blogger.com,Male,199.217.233.60
100,53,Norma,Goodson,ngoodson1g@smugmug.com,Female,172.224.106.39
100,54,Arni,Semmens,asemmens1h@goodreads.com,Male,48.231.253.147
100,55,Radcliffe,Snelgar,rsnelgar1i@loc.gov,Male,68.133.179.112
100,56,Pernell,Cornwall,pcornwall1j@engadget.com,Male,236.26.211.71
100,57,Arty,Cousen,acousen1k@chron.com,Male,37.227.153.155
100,58,Shina,Pilpovic,spilpovic1l@businesswire.com,Female,48.199.40.139
100,59,Huberto,Skillicorn,hskillicorn1m@ft.com,Male,250.248.4.249
100,60,Karyn,Halliberton,khalliberton1n@diigo.com,Female,231.233.6.236
100,61,Morgana,Reville,mreville1o@xrea.com,Female,119.172.62.221
100,62,Cathi,Mayall,cmayall1p@buzzfeed.com,Female,170.113.96.35
100,63,Kristofor,O'Connor,koconnor1q@imgur.com,Male,184.198.43.39
100,64,Lilia,O'Gormley,logormley1r@about.com,Female,107.20.112.51
100,65,Edgard,Badland,ebadland1s@state.tx.us,Male,229.2.38.109
100,66,Clarice,Brockherst,cbrockherst1t@sourceforge.net,Female,115.1.48.108
100,67,Vidovic,Saltsberg,vsaltsberg1u@symantec.com,Male,46.54.209.91
100,68,Rooney,MacGowan,rmacgowan1v@ycombinator.com,Male,119.201.48.247
100,69,Augusto,Roseveare,aroseveare1w@bloglovin.com,Male,60.184.211.235
100,70,Gilberte,Klammt,gklammt1x@cdbaby.com,Female,227.20.101.111
100,71,Gan,Cahillane,gcahillane1y@tuttocitta.it,Male,22.97.175.32
100,72,Keelby,Wye,kwye1z@eventbrite.com,Male,215.141.110.77
100,73,Keely,Trickett,ktrickett20@cornell.edu,Female,167.49.33.116
100,74,Mohandas,Brecher,mbrecher21@gov.uk,Male,196.217.48.122
100,75,Merrill,Rolf,mrolf22@house.gov,Male,149.114.75.1
100,76,Meryl,Sainteau,msainteau23@biglobe.ne.jp,Male,194.243.135.36
100,77,Joane,Pegram,jpegram24@twitpic.com,Female,103.24.46.45
100,78,Elizabet,Grzelczak,egrzelczak25@bing.com,Female,105.178.235.101
100,79,Giustina,Dillway,gdillway26@phoca.cz,Female,53.18.242.204
100,80,Nahum,Chesman,nchesman27@edublogs.org,Male,122.46.243.43
100,81,Marlon,Laverick,mlaverick28@telegraph.co.uk,Male,62.68.120.208
100,82,Dasya,Darnbrough,ddarnbrough29@t-online.de,Female,154.102.241.31
100,83,Sydel,Crayker,scrayker2a@dagondesign.com,Female,20.239.197.100
100,84,Mommy,Burgot,mburgot2b@parallels.com,Female,126.143.93.154
100,85,Dulcine,Gammett,dgammett2c@ycombinator.com,Female,75.221.50.137
100,86,Jarrid,Pymar,jpymar2d@tinyurl.com,Male,65.51.123.146
100,87,Cyril,Beddingham,cbeddingham2e@altervista.org,Male,25.143.13.87
100,88,Goddard,Oman,goman2f@privacy.gov.au,Male,63.42.230.23
100,89,Wolfgang,Masselin,wmasselin2g@alexa.com,Male,65.212.184.29
100,90,Bunni,Lee,blee2h@hhs.gov,Female,175.81.215.76
100,91,Meta,Cartman,mcartman2i@slate.com,Female,127.51.252.42
100,92,Gannon,Olivella,golivella2j@twitpic.com,Male,34.133.248.233
100,93,Georgy,Hryniewicki,ghryniewicki2k@etsy.com,Male,25.176.182.11
100,94,Kaia,O'Hoey,kohoey2l@google.co.uk,Female,30.120.113.8
100,95,Tanner,Sleith,tsleith2m@wsj.com,Male,50.194.180.95
100,96,Othilie,Thraves,othraves2n@samsung.com,Female,111.173.126.131
100,97,Brody,Husher,bhusher2o@so-net.ne.jp,Male,72.188.62.60
100,98,Davy,Sandifer,dsandifer2p@twitter.com,Male,168.108.196.36
100,99,Avrit,Semonin,asemonin2q@mysql.com,Female,214.203.143.208
100,100,Dominga,Urquhart,durquhart2r@woothemes.com,Female,19.2.122.151
100,101,Haily,Howlings,hhowlings2s@homestead.com,Female,250.10.56.145
100,102,Jule,Kynett,jkynett2t@addtoany.com,Male,182.32.13.209
100,103,Clementine,Humberston,chumberston2u@loc.gov,Female,162.188.128.215
100,104,Gwendolyn,Gooke,ggooke2v@4shared.com,Female,186.240.120.208
100,105,Bink,D'Hooghe,bdhooghe2w@infoseek.co.jp,Male,117.164.141.31
100,106,Val,Ormistone,vormistone2x@topsy.com,Female,47.130.57.20
100,107,Skyler,Witz,switz2y@addthis.com,Male,173.27.202.156
100,108,Alayne,Audus,aaudus2z@prnewswire.com,Female,77.196.48.5
100,109,Lucine,Leport,lleport30@theatlantic.com,Female,184.175.125.108
100,110,Shoshanna,Finan,sfinan31@berkeley.edu,Female,127.132.145.73
100,111,Alyson,Caen,acaen32@ocn.ne.jp,Female,19.213.11.177
100,112,Harold,Formoy,hformoy33@bigcartel.com,Male,180.31.95.250
100,113,Tammie,Lambourne,tlambourne34@comsenz.com,Male,86.219.20.130
100,114,Reba,Seamarke,rseamarke35@i2i.jp,Female,8.191.112.49
100,115,Vittorio,Muselli,vmuselli36@sitemeter.com,Male,199.177.4.57
100,116,Kathie,Swyer-Sexey,kswyersexey37@xrea.com,Female,199.172.196.16
100,117,Gilberte,Fearby,gfearby38@usatoday.com,Female,151.117.110.8
100,118,Lance,Gold,lgold39@go.com,Male,221.125.11.189
100,119,Sig,Toderini,stoderini3a@youtube.com,Male,193.151.45.95
100,120,Michel,Canas,mcanas3b@nationalgeographic.com,Male,241.151.124.195
100,121,Courtnay,McCutcheon,cmccutcheon3c@etsy.com,Male,231.221.43.132
100,122,Constancia,Axel,caxel3d@newyorker.com,Female,75.31.52.82
100,123,Guendolen,Lukasen,glukasen3e@jalbum.net,Female,25.61.89.145
100,124,Mendel,Bennison,mbennison3f@state.gov,Male,136.31.253.11
100,125,Perkin,Widdison,pwiddison3g@chronoengine.com,Male,40.232.1.106
100,126,Merralee,Broyd,mbroyd3h@t-online.de,Female,82.239.131.9
100,127,Cristobal,Listone,clistone3i@miibeian.gov.cn,Male,249.74.163.24
100,128,Wilburt,Kornas,wkornas3j@addtoany.com,Male,89.225.128.117
100,129,Jimmy,Ord,jord3k@go.com,Male,246.99.209.183
100,130,Vevay,Whereat,vwhereat3l@google.ru,Female,38.143.237.33
100,131,Delly,Plaxton,dplaxton3m@soup.io,Female,207.112.216.194
100,132,Xylina,Channing,xchanning3n@lulu.com,Female,147.68.34.18
100,133,Merline,Savin,msavin3o@php.net,Female,93.55.137.166
100,134,Nevins,Thon,nthon3p@homestead.com,Male,8.84.41.217
100,135,Prissie,Parzis,pparzis3q@cnn.com,Female,34.68.149.229
100,136,Vachel,Bringloe,vbringloe3r@blogger.com,Male,252.6.224.78
100,137,Sammy,Codeman,scodeman3s@salon.com,Male,43.89.255.243
100,138,Elihu,Beacham,ebeacham3t@japanpost.jp,Male,133.247.25.169
100,139,Lucius,Pendrick,lpendrick3u@mozilla.org,Male,117.208.252.43
100,140,Carlie,Prestney,cprestney3v@youtube.com,Male,211.253.247.127
100,141,Lindsay,Flaune,lflaune3w@drupal.org,Male,116.0.159.204
100,142,Broddy,Cordon,bcordon3x@ustream.tv,Male,171.116.8.148
100,143,Bell,Hinze,bhinze3y@jiathis.com,Female,183.9.84.68
100,144,Rusty,Hunnisett,rhunnisett3z@census.gov,Male,0.211.54.190
100,145,Chucho,LAbbet,clabbet40@csmonitor.com,Male,148.203.54.195
100,146,Rosabella,Strognell,rstrognell41@barnesandnoble.com,Female,152.15.236.245
100,147,Tam,Waddams,twaddams42@technorati.com,Male,241.147.52.91
100,148,Shantee,Livoir,slivoir43@ebay.co.uk,Female,30.3.83.16
100,149,Hadley,Gabriel,hgabriel44@prweb.com,Male,158.251.10.23
100,150,Gregg,Douris,gdouris45@sina.com.cn,Male,222.162.98.152
100,151,Penelopa,Monelle,pmonelle46@ezinearticles.com,Female,3.234.56.229
100,152,Mathian,Sea,msea47@census.gov,Male,81.131.138.41
100,153,Danice,Lindermann,dlindermann48@irs.gov,Female,43.138.91.177
100,154,Sophronia,Bortoluzzi,sbortoluzzi49@com.com,Female,115.51.158.71
100,155,Brett,Cumine,bcumine4a@exblog.jp,Male,84.54.251.92
100,156,Monte,Sergeant,msergeant4b@aol.com,Male,5.80.56.79
100,157,Alejoa,Yeardley,ayeardley4c@businessweek.com,Male,26.90.206.200
100,158,Hillery,Grieveson,hgrieveson4d@mysql.com,Male,247.164.158.76
100,159,Chrissie,Corstorphine,ccorstorphine4e@statcounter.com,Female,142.235.130.62
100,160,Filmer,Roll,froll4f@technorati.com,Male,68.159.249.65
100,161,Harli,Venour,hvenour4g@naver.com,Female,160.237.160.74
100,162,Steven,Croutear,scroutear4h@auda.org.au,Male,130.23.4.176
100,163,Josephine,Suston,jsuston4i@forbes.com,Female,35.18.198.20
100,164,Merna,De Cruz,mdecruz4j@slideshare.net,Female,241.205.237.215
100,165,Gallagher,Crocroft,gcrocroft4k@weather.com,Male,172.8.49.147
100,166,Artus,Bolley,abolley4l@blogspot.com,Male,162.30.2.141
100,167,Nate,Sloey,nsloey4m@sourceforge.net,Male,105.5.170.105
100,168,Loren,Dreini,ldreini4n@mashable.com,Male,114.20.38.162
100,169,Latisha,Buscombe,lbuscombe4o@spotify.com,Female,56.5.192.110
100,170,Bellanca,Turvie,bturvie4p@ow.ly,Female,93.107.83.176
100,171,Silvano,Antonellini,santonellini4q@t.co,Male,185.116.216.195
100,172,Aggi,Sitch,asitch4r@desdev.cn,Female,143.145.68.185
100,173,Huntley,Iacobini,hiacobini4s@typepad.com,Male,241.185.26.200
100,174,Nikaniki,Downton,ndownton4t@godaddy.com,Female,37.101.35.114
100,175,Matilde,Carnalan,mcarnalan4u@wordpress.com,Female,176.46.16.112
100,176,Lucho,Smeal,lsmeal4v@vimeo.com,Male,191.238.67.202
100,177,Rafferty,Aslie,raslie4w@networkadvertising.org,Male,6.63.163.148
100,178,Ellynn,Quare,equare4x@army.mil,Female,177.129.158.188
100,179,Linnie,Haffenden,lhaffenden4y@umn.edu,Female,219.63.245.87
100,180,Loy,Kibblewhite,lkibblewhite4z@economist.com,Male,6.27.164.201
100,181,Emmy,Webbe,ewebbe50@ted.com,Female,190.100.153.6
100,182,Anabella,Loughran,aloughran51@ehow.com,Female,168.136.155.87
100,183,Dorris,Jubert,djubert52@privacy.gov.au,Female,81.158.106.215
100,184,Willard,Kleiser,wkleiser53@pinterest.com,Male,2.196.97.188
100,185,Judd,Hulbert,jhulbert54@cloudflare.com,Male,186.93.232.124
100,186,Kenon,Carrabott,kcarrabott55@discovery.com,Male,55.71.172.154
100,187,Mimi,Olden,molden56@ca.gov,Female,97.226.203.126
100,188,Josiah,MacMychem,jmacmychem57@geocities.com,Male,129.63.173.114
100,189,Cassy,Riditch,criditch58@scribd.com,Female,28.235.73.245
100,190,Maye,Ewells,mewells59@pen.io,Female,49.211.173.33
100,191,Arnold,Snedden,asnedden5a@themeforest.net,Male,37.70.215.101
100,192,Godard,Delacourt,gdelacourt5b@blinklist.com,Male,235.70.173.16
100,193,Jannel,Hinkens,jhinkens5c@samsung.com,Female,183.177.231.139
100,194,Jakob,Yakobovicz,jyakobovicz5d@domainmarket.com,Male,27.209.139.89
100,195,Gusti,Klimsch,gklimsch5e@pen.io,Female,6.115.104.105
100,196,Jed,Tschiersch,jtschiersch5f@japanpost.jp,Male,194.106.245.171
100,197,Gilli,Abazi,gabazi5g@chron.com,Female,90.190.188.194
100,198,Arel,Wellstead,awellstead5h@cargocollective.com,Male,210.91.243.37
100,199,Daniele,Cohane,dcohane5i@imageshack.us,Female,84.254.95.33
100,200,Eulalie,Godard,egodard5j@parallels.com,Female,181.248.109.4
100,201,Darlleen,Riccio,driccio5k@tamu.edu,Female,252.213.227.24
100,202,Stan,Abbotson,sabbotson5l@sina.com.cn,Male,164.175.83.12
100,203,Maureen,Follows,mfollows5m@last.fm,Female,79.11.219.7
100,204,Hally,McMillan,hmcmillan5n@adobe.com,Female,98.43.151.239
100,205,Kerrin,Bendelow,kbendelow5o@xrea.com,Female,24.119.173.99
100,206,Cori,Barbrook,cbarbrook5p@sbwire.com,Male,225.230.77.49
100,207,Sheffield,Kobpa,skobpa5q@ebay.com,Male,89.234.89.172
100,208,Missy,Wray,mwray5r@wired.com,Female,30.85.223.135
100,209,Clarice,Probet,cprobet5s@behance.net,Female,128.107.65.197
100,210,Lamar,Towell,ltowell5t@rambler.ru,Male,62.83.185.233
100,211,Hy,Blaby,hblaby5u@huffingtonpost.com,Male,254.76.39.220
100,212,Jaclyn,Camillo,jcamillo5v@home.pl,Female,108.61.233.122
100,213,Elita,Sidary,esidary5w@boston.com,Female,180.247.97.66
100,214,Averell,Tranmer,atranmer5x@go.com,Male,250.199.162.218
100,215,Ian,Demchen,idemchen5y@sitemeter.com,Male,40.140.67.122
100,216,Ernst,Jobes,ejobes5z@engadget.com,Male,198.145.39.149
100,217,Donnell,Cristofolini,dcristofolini60@ask.com,Male,118.75.193.170
100,218,Octavius,Rubinowitz,orubinowitz61@hud.gov,Male,244.116.131.18
100,219,John,Kernes,jkernes62@who.int,Male,59.180.96.138
100,220,Dixie,Cheevers,dcheevers63@sina.com.cn,Female,65.100.118.246
100,221,Shari,Tavner,stavner64@nasa.gov,Female,124.198.24.54
100,222,Florina,Nerger,fnerger65@tinypic.com,Female,189.86.149.146
100,223,Berny,Wipfler,bwipfler66@sourceforge.net,Male,222.32.210.157
100,224,Nertie,O'Hannen,nohannen67@macromedia.com,Female,38.79.121.99
100,225,Willis,Keatley,wkeatley68@zimbio.com,Male,44.198.239.238
100,226,Eustacia,Tricker,etricker69@prnewswire.com,Female,39.36.186.105
100,227,Daffie,Shugg,dshugg6a@fc2.com,Female,247.207.30.114
100,228,Baryram,Kitchenman,bkitchenman6b@barnesandnoble.com,Male,235.1.200.156
100,229,Taddeo,d' Elboux,tdelboux6c@list-manage.com,Male,155.176.114.48
100,230,Cleveland,Rodwell,crodwell6d@live.com,Male,238.167.46.236
100,231,Abagael,Markovich,amarkovich6e@forbes.com,Female,74.76.61.121
100,232,Leslie,Asey,lasey6f@princeton.edu,Male,92.185.57.163
100,233,Christian,Palmby,cpalmby6g@meetup.com,Female,247.167.174.73
100,234,Candace,Dornin,cdornin6h@bloomberg.com,Female,126.134.192.131
100,235,Gizela,Hampshaw,ghampshaw6i@go.com,Female,3.134.168.105
100,236,Byran,Stiggers,bstiggers6j@sphinn.com,Male,91.209.208.168
100,237,Mallory,Saing,msaing6k@shareasale.com,Male,117.58.148.43
100,238,Brenden,Childes,bchildes6l@shareasale.com,Male,12.80.92.116
100,239,Robinette,Sorey,rsorey6m@comsenz.com,Female,157.5.241.252
100,240,Fidole,Sorrill,fsorrill6n@mediafire.com,Male,39.56.64.6
100,241,Orlan,Sopp,osopp6o@chron.com,Male,220.25.200.164
100,242,Eben,Panswick,epanswick6p@feedburner.com,Male,154.235.75.45
100,243,Maia,Joskowitz,mjoskowitz6q@edublogs.org,Female,59.164.71.106
100,244,Beth,Vinker,bvinker6r@istockphoto.com,Female,65.221.145.110
100,245,Mal,Thuillier,mthuillier6s@tripadvisor.com,Male,128.63.18.135
100,246,Evonne,Urrey,eurrey6t@admin.ch,Female,11.118.156.249
100,247,Olivia,Wheelan,owheelan6u@oakley.com,Female,72.177.19.59
100,248,Jarrett,Casseldine,jcasseldine6v@soup.io,Male,212.173.38.183
100,249,Whitaker,Catterson,wcatterson6w@pcworld.com,Male,205.83.193.47
100,250,Minda,Issett,missett6x@bloomberg.com,Female,166.187.156.213
100,251,Donavon,Bruhnicke,dbruhnicke6y@va.gov,Male,252.9.161.67
100,252,Margarette,Tellenbrok,mtellenbrok6z@diigo.com,Female,166.238.13.44
100,253,Jayme,McEvay,jmcevay70@about.me,Male,104.142.53.125
100,254,Ichabod,Paal,ipaal71@redcross.org,Male,92.43.209.86
100,255,Alana,Howse,ahowse72@tripod.com,Female,246.82.211.132
100,256,Karrie,Cammiemile,kcammiemile73@independent.co.uk,Female,199.199.232.188
100,257,Bev,Hayes,bhayes74@amazon.com,Female,152.96.141.178
100,258,Raye,Perris,rperris75@tripadvisor.com,Female,32.205.172.252
100,259,Candra,Defrain,cdefrain76@wp.com,Female,50.43.228.130
100,260,Brande,Thunder,bthunder77@unblog.fr,Female,24.149.86.212
100,261,Brennan,Clericoates,bclericoates78@cisco.com,Male,161.165.105.127
100,262,Graig,Dodding,gdodding79@i2i.jp,Male,212.88.138.215
100,263,Salomi,Krolle,skrolle7a@t.co,Female,98.105.28.119
100,264,Tracey,Longdon,tlongdon7b@archive.org,Male,192.39.212.19
100,265,Hale,Manclark,hmanclark7c@state.tx.us,Male,71.68.50.80
100,266,Robinson,McFayden,rmcfayden7d@bloglines.com,Male,72.12.119.107
100,267,Cordy,Kiessel,ckiessel7e@is.gd,Female,199.64.185.222
100,268,Mike,Scougal,mscougal7f@miitbeian.gov.cn,Male,238.1.171.192
100,269,Guinna,Lanbertoni,glanbertoni7g@elegantthemes.com,Female,156.210.37.6
100,270,Ashley,Tame,atame7h@kickstarter.com,Female,210.168.80.136
100,271,Zitella,Cropp,zcropp7i@ifeng.com,Female,69.228.12.74
100,272,Annamarie,Severs,asevers7j@bloglovin.com,Female,56.216.132.211
100,273,Anya,Rosenthal,arosenthal7k@godaddy.com,Female,18.195.145.31
100,274,Hurleigh,Longshaw,hlongshaw7l@apple.com,Male,153.252.111.169
100,275,Lind,Piggford,lpiggford7m@jiathis.com,Female,26.50.168.51
100,276,Hadley,Ruxton,hruxton7n@usatoday.com,Male,246.223.149.76
100,277,Flemming,Ashwood,fashwood7o@com.com,Male,7.160.122.64
100,278,Shani,Calbrathe,scalbrathe7p@parallels.com,Female,202.134.147.12
100,279,Cassi,Richings,crichings7q@facebook.com,Female,237.168.247.30
100,280,Florry,Woodyear,fwoodyear7r@wordpress.com,Female,141.187.140.180
100,281,Roldan,Holson,rholson7s@google.com.au,Male,121.187.201.195
100,282,Dalli,Pound,dpound7t@nyu.edu,Male,20.225.64.225
100,283,Harv,Peart,hpeart7u@hhs.gov,Male,31.91.221.4
100,284,Mycah,Wyllt,mwyllt7v@noaa.gov,Male,101.119.116.245
100,285,Thadeus,Wortt,twortt7w@surveymonkey.com,Male,56.112.114.12
100,286,Brandais,Phillcox,bphillcox7x@ebay.com,Female,45.196.61.210
100,287,Guthry,Ilyenko,gilyenko7y@yahoo.co.jp,Male,81.46.133.152
100,288,Farlie,Megarrell,fmegarrell7z@huffingtonpost.com,Male,143.198.127.125
100,289,Lucinda,Sandiford,lsandiford80@xing.com,Female,239.143.168.66
100,290,Nerty,McKibbin,nmckibbin81@ucla.edu,Female,19.106.150.151
100,291,Sascha,Philip,sphilip82@histats.com,Female,183.166.175.117
100,292,Elana,Everleigh,eeverleigh83@ebay.com,Female,227.16.61.174
100,293,Gray,Paulet,gpaulet84@nbcnews.com,Female,172.137.112.253
100,294,Skippie,Osgorby,sosgorby85@webmd.com,Male,139.137.127.98
100,295,Sabine,Landsman,slandsman86@ycombinator.com,Female,196.254.97.178
100,296,Killian,Hedgeman,khedgeman87@nhs.uk,Male,55.195.78.159
100,297,Colin,Zamorano,czamorano88@nydailynews.com,Male,85.141.140.36
100,298,Courtney,Scaysbrook,cscaysbrook89@tripadvisor.com,Female,89.146.24.151
100,299,Carlynne,Brissenden,cbrissenden8a@seattletimes.com,Female,202.61.56.82
100,300,Ferguson,Farmery,ffarmery8b@vimeo.com,Male,190.209.166.148
100,301,Bartel,Kernaghan,bkernaghan8c@livejournal.com,Male,252.195.52.35
100,302,Crissie,Trillo,ctrillo8d@si.edu,Female,181.54.153.55
100,303,Garrett,Syalvester,gsyalvester8e@un.org,Male,235.230.78.223
100,304,Correy,De Michetti,cdemichetti8f@livejournal.com,Female,113.254.160.157
100,305,Eldredge,Whotton,ewhotton8g@miibeian.gov.cn,Male,114.158.117.252
100,306,Gary,Lambeth,glambeth8h@msn.com,Male,27.142.85.120
100,307,Bengt,Palatini,bpalatini8i@admin.ch,Male,181.248.219.98
100,308,Nichole,Casserly,ncasserly8j@naver.com,Female,225.255.48.148
100,309,Noelani,Tolfrey,ntolfrey8k@yale.edu,Female,200.120.89.76
100,310,Hanny,Quakley,hquakley8l@dot.gov,Female,174.19.146.73
100,311,Padgett,Penn,ppenn8m@geocities.jp,Male,108.220.76.241
100,312,Kessiah,Mayberry,kmayberry8n@fotki.com,Female,85.144.250.121
100,313,Baxter,Milliken,bmilliken8o@artisteer.com,Male,161.69.55.131
100,314,Vanna,Baldrick,vbaldrick8p@nature.com,Female,216.115.87.44
100,315,Sandor,Andri,sandri8q@nih.gov,Male,141.250.59.209
100,316,Leola,Tomkinson,ltomkinson8r@imdb.com,Female,165.60.85.121
100,317,Lyndsie,Riley,lriley8s@wikispaces.com,Female,239.121.214.220
100,318,Ambrosi,Pendrey,apendrey8t@answers.com,Male,207.18.247.116
100,319,Saunder,Amber,samber8u@psu.edu,Male,6.2.155.3
100,320,Gregorio,Maynell,gmaynell8v@redcross.org,Male,184.204.234.220
100,321,Philly,Wrench,pwrench8w@liveinternet.ru,Female,219.127.61.241
100,322,Otho,Mc Combe,omccombe8x@unicef.org,Male,23.7.78.211
100,323,Jarid,Kittoe,jkittoe8y@va.gov,Male,41.3.224.184
100,324,Thorpe,Link,tlink8z@rambler.ru,Male,231.101.193.238
100,325,Shae,Hunston,shunston90@ifeng.com,Male,227.251.215.78
100,326,Shantee,Edgett,sedgett91@weebly.com,Female,191.138.166.131
100,327,Gigi,Litherborough,glitherborough92@pen.io,Female,96.50.133.183
100,328,Demetre,Bare,dbare93@bizjournals.com,Male,84.247.63.172
100,329,Burnard,Gardener,bgardener94@java.com,Male,120.176.152.202
100,330,Carlyn,Lawee,clawee95@aboutads.info,Female,42.207.237.208
100,331,Frazer,Rawe,frawe96@nih.gov,Male,210.237.207.82
100,332,Mala,Dutton,mdutton97@sitemeter.com,Female,14.187.38.45
100,333,Merlina,Haggie,mhaggie98@studiopress.com,Female,73.22.226.74
100,334,Melina,Truelove,mtruelove99@engadget.com,Female,234.46.212.214
100,335,Ashby,Vannini,avannini9a@cdbaby.com,Male,149.149.108.156
100,336,Itch,McLemon,imclemon9b@google.es,Male,111.165.204.110
100,337,Kati,Ridett,kridett9c@youtube.com,Female,178.112.140.140
100,338,Brooks,Prosek,bprosek9d@liveinternet.ru,Male,149.105.169.90
100,339,Geno,Frankema,gfrankema9e@foxnews.com,Male,24.215.187.186
100,340,Samson,Lyddiard,slyddiard9f@constantcontact.com,Male,215.120.202.124
100,341,Brennen,Fernier,bfernier9g@usatoday.com,Male,243.224.8.139
100,342,Nathanael,Beardall,nbeardall9h@ebay.co.uk,Male,57.215.17.55
100,343,Anderea,Matyugin,amatyugin9i@bing.com,Female,185.39.203.139
100,344,Sigismondo,Hamner,shamner9j@google.com.au,Male,100.142.21.216
100,345,Raleigh,Reightley,rreightley9k@umn.edu,Male,16.57.60.153
100,346,Erroll,Biddlecombe,ebiddlecombe9l@princeton.edu,Male,252.170.21.83
100,347,Kayla,Halahan,khalahan9m@unc.edu,Female,69.115.103.53
100,348,Pail,Pettigrew,ppettigrew9n@behance.net,Male,10.135.125.127
100,349,Boothe,Sancraft,bsancraft9o@seattletimes.com,Male,131.253.74.239
100,350,Gilly,Flight,gflight9p@pen.io,Female,159.134.152.175
100,351,Rosalia,Navein,rnavein9q@nsw.gov.au,Female,126.97.164.159
100,352,Rowena,Picard,rpicard9r@delicious.com,Female,24.194.220.217
100,353,Dalli,Langley,dlangley9s@spotify.com,Male,168.211.198.92
100,354,Ernaline,Levick,elevick9t@discuz.net,Female,43.116.120.23
100,355,Alyse,McWaters,amcwaters9u@sitemeter.com,Female,4.219.244.179
100,356,Eziechiele,Astlatt,eastlatt9v@networksolutions.com,Male,116.12.119.46
100,357,Jameson,Marde,jmarde9w@miitbeian.gov.cn,Male,205.113.207.30
100,358,Augusta,Sabben,asabben9x@google.cn,Female,40.164.30.8
100,359,Lyell,Fandrich,lfandrich9y@xing.com,Male,214.30.1.208
100,360,Sheilah,Jakubowicz,sjakubowicz9z@csmonitor.com,Female,13.31.93.221
100,361,Roseanne,Brankley,rbrankleya0@arizona.edu,Female,60.60.127.194
100,362,Alia,Meece,ameecea1@timesonline.co.uk,Female,61.2.229.85
100,363,Eadith,Silman,esilmana2@gizmodo.com,Female,36.237.141.240
100,364,Annette,Benadette,abenadettea3@wikia.com,Female,16.214.101.10
100,365,Dana,Samter,dsamtera4@yahoo.co.jp,Female,1.137.165.186
100,366,Prinz,Chaloner,pchalonera5@amazon.co.uk,Male,49.11.130.110
100,367,Torey,Keveren,tkeverena6@is.gd,Female,116.199.217.107
100,368,Dunn,Hamfleet,dhamfleeta7@360.cn,Male,73.174.64.12
100,369,Chelsey,Kensy,ckensya8@symantec.com,Female,164.184.127.72
100,370,Maxi,Hacquel,mhacquela9@theglobeandmail.com,Female,135.144.209.105
100,371,Lurline,Robinette,lrobinetteaa@rambler.ru,Female,61.222.243.27
100,372,Reggi,Quibell,rquibellab@google.de,Female,136.233.23.76
100,373,Kelley,Webb,kwebbac@prlog.org,Female,35.32.252.111
100,374,Kevan,Hannan,khannanad@skype.com,Male,89.144.182.226
100,375,Celina,Raymont,craymontae@usda.gov,Female,207.5.200.188
100,376,Javier,Dunthorn,jdunthornaf@walmart.com,Male,226.186.36.162
100,377,Loise,Philippeaux,lphilippeauxag@businessinsider.com,Female,165.203.159.29
100,378,Adria,Tukesby,atukesbyah@ovh.net,Female,92.74.7.24
100,379,Mateo,Ough,moughai@unc.edu,Male,11.153.169.251
100,380,Myrtle,Battany,mbattanyaj@qq.com,Female,75.241.213.45
100,381,Sullivan,Munkton,smunktonak@163.com,Male,36.103.45.201
100,382,Joela,Spriddle,jspriddleal@discovery.com,Female,221.74.128.208
100,383,Dane,Gubbins,dgubbinsam@ebay.co.uk,Male,208.143.128.177
100,384,Harlan,Dutson,hdutsonan@usda.gov,Male,135.164.74.26
100,385,Vale,Boness,vbonessao@auda.org.au,Male,208.8.173.6
100,386,Peadar,Bullivent,pbulliventap@narod.ru,Male,83.74.208.135
100,387,Marcus,Bridden,mbriddenaq@naver.com,Male,206.120.98.107
100,388,Avram,Hyndes,ahyndesar@elpais.com,Male,235.134.164.172
100,389,Elmo,Lies,eliesas@devhub.com,Male,42.74.47.225
100,390,Yasmin,Boatswain,yboatswainat@fastcompany.com,Female,153.237.194.80
100,391,Maudie,Humphries,mhumphriesau@miibeian.gov.cn,Female,74.194.57.73
100,392,Krysta,Cheales,kchealesav@xinhuanet.com,Female,19.1.6.195
100,393,Kessia,Januszewski,kjanuszewskiaw@ihg.com,Female,102.193.209.161
100,394,Sheeree,Andrewartha,sandrewarthaax@cnbc.com,Female,156.51.46.131
100,395,Gavin,Morsey,gmorseyay@deviantart.com,Male,215.36.14.219
100,396,Orsa,Daveley,odaveleyaz@bizjournals.com,Female,26.42.230.225
100,397,Nanette,Marmon,nmarmonb0@pcworld.com,Female,105.229.121.41
100,398,Orlando,Valance,ovalanceb1@nifty.com,Male,60.41.38.195
100,399,Ingeberg,Schuck,ischuckb2@lycos.com,Female,27.96.7.237
100,400,Mitchel,Josefson,mjosefsonb3@w3.org,Male,153.138.111.52
100,401,Matthieu,Tidball,mtidballb4@cdc.gov,Male,23.43.121.114
100,402,Dionis,D'Costa,ddcostab5@addthis.com,Female,188.233.108.247
100,403,Ertha,Ziemke,eziemkeb6@soup.io,Female,95.189.96.100
100,404,Ty,Cardozo,tcardozob7@omniture.com,Male,82.119.197.192
100,405,Cloris,MacAlester,cmacalesterb8@sbwire.com,Female,208.158.22.45
100,406,Yanaton,Muldownie,ymuldownieb9@infoseek.co.jp,Male,26.14.254.81
100,407,Rudie,MacCartney,rmaccartneyba@google.fr,Male,218.40.111.137
100,408,Abie,Beardsley,abeardsleybb@amazon.co.uk,Male,77.201.49.110
100,409,Katie,Ruperto,krupertobc@bizjournals.com,Female,219.81.88.205
100,410,Ode,Lowell,olowellbd@nbcnews.com,Male,137.155.31.243
100,411,Woodie,Ferry,wferrybe@canalblog.com,Male,138.255.172.17
100,412,Minta,Mathan,mmathanbf@typepad.com,Female,194.75.184.119
100,413,Shani,Watterson,swattersonbg@state.gov,Female,69.217.212.149
100,414,Tandy,Cowlard,tcowlardbh@skype.com,Female,86.14.242.225
100,415,Nealson,Aleksankov,naleksankovbi@telegraph.co.uk,Male,139.44.93.92
100,416,Emyle,Parres,eparresbj@zimbio.com,Female,72.127.238.106
100,417,Magdalen,Sevitt,msevittbk@edublogs.org,Female,230.222.241.147
100,418,Reece,Eacott,reacottbl@examiner.com,Male,39.44.81.62
100,419,Marve,Waller-Bridge,mwallerbridgebm@patch.com,Male,10.230.104.99
100,420,Roch,Martt,rmarttbn@google.it,Female,183.248.226.66
100,421,Killian,MacUchadair,kmacuchadairbo@linkedin.com,Male,50.33.113.162
100,422,Wenda,Litton,wlittonbp@jalbum.net,Female,167.58.50.213
100,423,Far,Claremont,fclaremontbq@huffingtonpost.com,Male,255.157.13.18
100,424,Cordelia,Tallet,ctalletbr@gnu.org,Female,80.221.207.137
100,425,Etti,Addams,eaddamsbs@google.ca,Female,236.68.209.252
100,426,Lynda,Opy,lopybt@blogspot.com,Female,204.70.213.62
100,427,Jorie,Gelletly,jgelletlybu@google.com,Female,65.95.63.216
100,428,Kippy,Lewton,klewtonbv@indiegogo.com,Female,196.197.231.68
100,429,Mandi,Rawcliffe,mrawcliffebw@gov.uk,Female,21.176.39.119
100,430,Amalita,Denisovo,adenisovobx@yellowpages.com,Female,83.207.155.10
100,431,Whitby,Bryden,wbrydenby@tinypic.com,Male,91.1.208.191
100,432,Rayna,Eversley,reversleybz@mail.ru,Female,92.115.127.243
100,433,Ely,Cristofolo,ecristofoloc0@illinois.edu,Male,88.179.9.244
100,434,Silvester,Ortiger,sortigerc1@woothemes.com,Male,113.231.13.63
100,435,Clayborn,Child,cchildc2@godaddy.com,Male,167.94.184.249
100,436,Jodee,Rattrie,jrattriec3@hao123.com,Female,99.214.77.8
100,437,Windy,Keitch,wkeitchc4@spotify.com,Female,169.97.34.146
100,438,Dennis,Dietmar,ddietmarc5@arizona.edu,Male,196.153.187.20
100,439,Josie,Winterflood,jwinterfloodc6@icio.us,Female,253.109.29.211
100,440,Bird,Alebrooke,balebrookec7@vkontakte.ru,Female,200.129.121.72
100,441,Kristofor,Gewer,kgewerc8@mediafire.com,Male,145.44.60.214
100,442,Tammy,De Ferrari,tdeferraric9@wunderground.com,Male,33.177.238.129
100,443,Garey,Cesconi,gcesconica@state.tx.us,Male,111.197.116.85
100,444,Evvy,Tarburn,etarburncb@guardian.co.uk,Female,206.118.72.161
100,445,Carlyle,McJarrow,cmcjarrowcc@t-online.de,Male,45.241.29.221
100,446,Ariel,Steiner,asteinercd@auda.org.au,Male,249.81.98.169
100,447,Paulina,Cosens,pcosensce@amazon.co.uk,Female,8.221.217.41
100,448,Leanna,Henrionot,lhenrionotcf@cmu.edu,Female,234.181.197.128
100,449,Sheppard,Beirne,sbeirnecg@mac.com,Male,144.63.251.28
100,450,Corene,Paszak,cpaszakch@sakura.ne.jp,Female,50.48.117.132
100,451,Odelle,Sweetmore,osweetmoreci@tiny.cc,Female,42.136.153.69
100,452,Peria,Powdrill,ppowdrillcj@upenn.edu,Female,82.150.178.226
100,453,Alys,Mickan,amickanck@blogspot.com,Female,138.210.217.218
100,454,Gloriane,Karpets,gkarpetscl@prlog.org,Female,190.215.248.56
100,455,Hilario,Piesing,hpiesingcm@bigcartel.com,Male,89.19.140.17
100,456,Bennett,Matheson,bmathesoncn@un.org,Male,150.167.249.180
100,457,Englebert,Scading,escadingco@omniture.com,Male,65.126.114.57
100,458,Elvera,Firks,efirkscp@unc.edu,Female,201.158.235.146
100,459,Melisande,McPhate,mmcphatecq@youtu.be,Female,57.139.11.30
100,460,Symon,Fulep,sfulepcr@themeforest.net,Male,9.106.123.103
100,461,Susanetta,Cogan,scogancs@xinhuanet.com,Female,30.21.25.14
100,462,Pascale,Megson,pmegsonct@csmonitor.com,Male,173.88.216.179
100,463,Reidar,Gossage,rgossagecu@independent.co.uk,Male,112.134.16.242
100,464,Adan,Northedge,anorthedgecv@independent.co.uk,Female,237.134.233.251
100,465,Ode,Hundley,ohundleycw@jalbum.net,Male,242.90.128.184
100,466,Ange,Broadwood,abroadwoodcx@sitemeter.com,Female,76.250.47.59
100,467,Raddy,Ions,rionscy@goodreads.com,Male,180.74.193.66
100,468,Susanna,Girkin,sgirkincz@nih.gov,Female,187.34.23.5
100,469,Lorrie,Lampitt,llampittd0@trellian.com,Male,171.137.140.105
100,470,Aharon,Waterhous,awaterhousd1@histats.com,Male,157.169.118.132
100,471,Neile,Venney,nvenneyd2@merriam-webster.com,Female,109.157.52.155
100,472,Cyrille,Franke,cfranked3@cnbc.com,Male,237.56.151.70
100,473,Dorella,Carlino,dcarlinod4@usnews.com,Female,187.195.147.159
100,474,Hamnet,Shimmans,hshimmansd5@hud.gov,Male,213.131.151.62
100,475,Riordan,Blest,rblestd6@msu.edu,Male,96.202.72.190
100,476,Elianore,Vatini,evatinid7@berkeley.edu,Female,38.117.148.96
100,477,Ceciley,Yellowlees,cyellowleesd8@edublogs.org,Female,197.125.206.249
100,478,Candi,Stimpson,cstimpsond9@mlb.com,Female,250.236.16.98
100,479,Tiphany,Paeckmeyer,tpaeckmeyerda@friendfeed.com,Female,160.130.158.70
100,480,Eilis,Ragat,eragatdb@mysql.com,Female,4.153.20.166
100,481,Helaina,Van der Velde,hvanderveldedc@netlog.com,Female,69.106.111.206
100,482,Celle,Duns,cdunsdd@sciencedirect.com,Female,248.83.57.181
100,483,Lorne,Knibb,lknibbde@163.com,Male,113.213.144.163
100,484,Eveline,Castelluzzi,ecastelluzzidf@soundcloud.com,Female,176.217.61.71
100,485,Blanca,Begent,bbegentdg@nydailynews.com,Female,94.79.253.210
100,486,Aigneis,Berston,aberstondh@cnet.com,Female,97.104.86.210
100,487,Lavinie,Allom,lallomdi@deviantart.com,Female,101.158.152.111
100,488,Asa,Girardey,agirardeydj@a8.net,Male,216.228.238.136
100,489,Jacinta,Glauber,jglauberdk@weather.com,Female,199.86.84.173
100,490,Madalyn,Sleney,msleneydl@indiatimes.com,Female,115.7.105.80
100,491,Maia,Sporle,msporledm@wired.com,Female,103.78.148.209
100,492,Auberta,Yesinov,ayesinovdn@si.edu,Female,117.3.20.16
100,493,Pammie,Leynham,pleynhamdo@tumblr.com,Female,48.38.247.218
100,494,Lindsey,Bunner,lbunnerdp@sakura.ne.jp,Female,94.158.152.168
100,495,Barry,Gomersal,bgomersaldq@multiply.com,Female,111.19.55.46
100,496,Alex,Rustman,arustmandr@wikispaces.com,Male,103.137.111.118
100,497,Fields,Oglesbee,foglesbeeds@harvard.edu,Male,37.3.44.10
100,498,Cordy,O'Nolan,conolandt@bloomberg.com,Female,214.22.91.254
100,499,Bennett,Muncey,bmunceydu@pbs.org,Male,34.127.7.68
100,500,Mirabel,Camin,mcamindv@sciencedirect.com,Female,80.104.181.128
100,501,Cammi,Kirkam,ckirkamdw@sourceforge.net,Female,42.226.215.93
100,502,Torr,Mattiuzzi,tmattiuzzidx@abc.net.au,Male,3.209.137.212
100,503,Adelle,Bilborough,abilboroughdy@networksolutions.com,Female,121.247.220.26
100,504,Frasco,Yeoland,fyeolanddz@nps.gov,Male,131.66.79.147
100,505,Ninon,McWhorter,nmcwhortere0@unc.edu,Female,89.235.172.192
100,506,Herve,Leakner,hleaknere1@geocities.jp,Male,79.120.164.160
100,507,Michail,Pettiford,mpettiforde2@gravatar.com,Male,148.186.251.240
100,508,Gerri,Lewsy,glewsye3@java.com,Male,99.146.130.192
100,509,Fairfax,Beswick,fbeswicke4@nifty.com,Male,177.139.25.62
100,510,Yulma,Hudd,yhudde5@cnn.com,Male,164.59.21.124
100,511,Sauncho,Tressler,stresslere6@soup.io,Male,135.34.52.148
100,512,Violetta,Coxhell,vcoxhelle7@digg.com,Female,73.251.47.235
100,513,Stavros,Northing,snorthinge8@japanpost.jp,Male,137.224.172.183
100,514,Janetta,Blankley,jblankleye9@cnbc.com,Female,186.221.251.148
100,515,Allys,Dilawey,adilaweyea@buzzfeed.com,Female,130.235.182.72
100,516,Jocelyne,Branno,jbrannoeb@uol.com.br,Female,118.113.208.45
100,517,Edik,De Andreis,edeandreisec@simplemachines.org,Male,0.52.89.60
100,518,Ansley,Carde,acardeed@stanford.edu,Female,76.218.97.28
100,519,Janaye,Bracknall,jbracknallee@drupal.org,Female,190.39.236.126
100,520,Maris,Pack,mpackef@photobucket.com,Female,189.204.23.208
100,521,Chick,Lawlee,clawleeeg@free.fr,Male,118.223.211.194
100,522,Carlin,Kubas,ckubaseh@chronoengine.com,Female,131.86.237.62
100,523,Wally,Ireson,wiresonei@walmart.com,Male,141.65.107.91
100,524,Nathalia,Mitro,nmitroej@deliciousdays.com,Female,81.238.8.141
100,525,Jerad,Felgate,jfelgateek@admin.ch,Male,239.64.4.223
100,526,Maryrose,Wyllcocks,mwyllcocksel@discovery.com,Female,72.194.162.47
100,527,Janeczka,Le Monnier,jlemonnierem@g.co,Female,72.85.172.64
100,528,Frasquito,Barlie,fbarlieen@eepurl.com,Male,86.55.208.82
100,529,Wilhelm,Kornel,wkorneleo@a8.net,Male,139.57.45.125
100,530,Karrie,Bramall,kbramallep@businessinsider.com,Female,140.219.228.102
100,531,Kristan,Pendrigh,kpendrigheq@dropbox.com,Female,224.213.154.231
100,532,Valeria,Goldby,vgoldbyer@about.me,Female,195.120.209.146
100,533,Mirabelle,Bottom,mbottomes@lulu.com,Female,55.231.227.55
100,534,Greg,Fairnie,gfairnieet@meetup.com,Male,145.68.69.53
100,535,Jacquenette,Sexti,jsextieu@wufoo.com,Female,155.103.87.220
100,536,Eolanda,Frawley,efrawleyev@bing.com,Female,255.49.130.174
100,537,Casi,Leaf,cleafew@java.com,Female,228.173.111.190
100,538,Kean,Lamping,klampingex@quantcast.com,Male,36.99.127.98
100,539,Chuck,Kierans,ckieransey@msu.edu,Male,158.231.188.181
100,540,Gregorius,Saladin,gsaladinez@drupal.org,Male,186.231.229.213
100,541,Shela,Lissaman,slissamanf0@timesonline.co.uk,Female,111.194.59.144
100,542,Damon,Petcher,dpetcherf1@shutterfly.com,Male,172.74.175.198
100,543,Deedee,Haborn,dhabornf2@com.com,Female,82.249.59.20
100,544,Brittani,Gravy,bgravyf3@ow.ly,Female,8.109.108.191
100,545,Beatriz,Yakebovich,byakebovichf4@ustream.tv,Female,172.42.51.71
100,546,Gilli,Hurdwell,ghurdwellf5@spiegel.de,Female,186.5.202.29
100,547,Keriann,Hrihorovich,khrihorovichf6@bigcartel.com,Female,79.7.209.207
100,548,Minny,Bemand,mbemandf7@hugedomains.com,Female,134.212.164.198
100,549,Verine,Gori,vgorif8@java.com,Female,21.59.69.137
100,550,Abdul,Gatty,agattyf9@oracle.com,Male,162.193.177.86
100,551,Prince,Rustan,prustanfa@cbsnews.com,Male,140.21.77.159
100,552,Agnola,Favela,afavelafb@toplist.cz,Female,136.10.156.221
100,553,Bryana,Kennford,bkennfordfc@si.edu,Female,181.200.113.175
100,554,Eadie,Goodayle,egoodaylefd@columbia.edu,Female,68.136.204.210
100,555,Abe,Stainton - Skinn,astaintonskinnfe@dailymotion.com,Male,175.186.91.118
100,556,Timotheus,Lum,tlumff@wikispaces.com,Male,13.169.205.239
100,557,Alene,Conrad,aconradfg@weibo.com,Female,74.204.31.255
100,558,Rina,Lehrahan,rlehrahanfh@indiegogo.com,Female,201.123.209.181
100,559,Rasia,Chatainier,rchatainierfi@alibaba.com,Female,185.29.219.229
100,560,Michel,O'Crowley,mocrowleyfj@discovery.com,Female,72.205.158.63
100,561,Cindelyn,Leinster,cleinsterfk@buzzfeed.com,Female,102.243.123.25
100,562,Ab,Jachimiak,ajachimiakfl@ning.com,Male,115.49.230.91
100,563,Devland,Lester,dlesterfm@newyorker.com,Male,36.174.163.9
100,564,Pincus,Simpkin,psimpkinfn@cisco.com,Male,100.29.141.86
100,565,Kerk,Chadney,kchadneyfo@infoseek.co.jp,Male,76.158.187.223
100,566,Kelcey,Winspur,kwinspurfp@infoseek.co.jp,Female,8.212.5.219
100,567,Consalve,Bernardini,cbernardinifq@yandex.ru,Male,232.118.38.126
100,568,Armin,Blakeway,ablakewayfr@rediff.com,Male,93.164.233.201
100,569,Pieter,Berkely,pberkelyfs@ucla.edu,Male,88.220.84.130
100,570,Gabbie,Kubec,gkubecft@ca.gov,Male,82.141.79.5
100,571,Kimberlyn,Futter,kfutterfu@cbc.ca,Female,151.249.147.69
100,572,Arty,Filler,afillerfv@opensource.org,Male,159.11.115.157
100,573,Bonnie,Houldey,bhouldeyfw@cbc.ca,Female,221.112.137.247
100,574,Jerrie,Marzele,jmarzelefx@live.com,Female,133.146.71.78
100,575,Theodor,La Grange,tlagrangefy@linkedin.com,Male,201.30.242.208
100,576,Kenny,Leer,kleerfz@dmoz.org,Male,176.167.9.161
100,577,Monte,Pettendrich,mpettendrichg0@nytimes.com,Male,193.239.225.255
100,578,Chen,Mahaffey,cmahaffeyg1@pbs.org,Male,93.35.167.161
100,579,Gerri,Renachowski,grenachowskig2@ca.gov,Male,119.164.96.50
100,580,Andre,Hardy-Piggin,ahardypigging3@reverbnation.com,Male,4.47.88.226
100,581,Pace,Pethick,ppethickg4@dedecms.com,Male,104.41.97.25
100,582,Delia,Smeeth,dsmeethg5@chronoengine.com,Female,183.194.153.81
100,583,Silvan,Walklott,swalklottg6@umn.edu,Male,93.64.12.60
100,584,Garrek,Margram,gmargramg7@toplist.cz,Male,77.40.243.108
100,585,Darius,Petrozzi,dpetrozzig8@barnesandnoble.com,Male,251.92.195.227
100,586,Celestyn,Caffin,ccaffing9@wsj.com,Female,109.105.238.0
100,587,Cameron,Perham,cperhamga@ameblo.jp,Male,188.41.43.142
100,588,Solly,Wikey,swikeygb@msu.edu,Male,75.4.42.47
100,589,Rennie,Edgerly,redgerlygc@cnbc.com,Female,73.78.157.229
100,590,Derek,Osinin,dosiningd@geocities.com,Male,136.57.200.79
100,591,Dallas,Windless,dwindlessge@goo.ne.jp,Male,203.152.147.127
100,592,Abbi,Ramm,arammgf@twitter.com,Female,37.130.103.98
100,593,Romola,Sharrock,rsharrockgg@paypal.com,Female,18.220.136.173
100,594,Jennee,Cotton,jcottongh@wordpress.com,Female,225.72.28.102
100,595,Evelin,Croix,ecroixgi@meetup.com,Male,27.92.34.234
100,596,Marcel,McAllister,mmcallistergj@de.vu,Male,37.68.175.88
100,597,Adriena,Longcaster,alongcastergk@360.cn,Female,205.112.90.109
100,598,Cully,Elkins,celkinsgl@si.edu,Male,112.183.29.125
100,599,Gillan,Jirek,gjirekgm@skype.com,Female,157.97.217.77
100,600,Aube,Meaddowcroft,ameaddowcroftgn@zimbio.com,Male,210.58.230.206
100,601,Meggy,Iannelli,miannelligo@google.nl,Female,65.172.205.20
100,602,Sammy,Brennenstuhl,sbrennenstuhlgp@addtoany.com,Male,98.244.78.255
100,603,Tadio,Achrameev,tachrameevgq@webmd.com,Male,40.161.184.62
100,604,Julio,Minifie,jminifiegr@youtu.be,Male,237.237.61.118
100,605,Chrysa,Culley,cculleygs@free.fr,Female,167.228.145.150
100,606,Jo,Vint,jvintgt@biglobe.ne.jp,Female,91.167.172.246
100,607,Ilario,Rubinowitz,irubinowitzgu@marketwatch.com,Male,34.234.27.158
100,608,Tana,Baldock,tbaldockgv@t.co,Female,13.212.94.97
100,609,Corilla,Bartrum,cbartrumgw@apple.com,Female,241.107.165.165
100,610,Costanza,Good,cgoodgx@yahoo.com,Female,10.89.211.76
100,611,Sonnnie,Cregan,scregangy@mysql.com,Female,131.246.147.89
100,612,Theobald,Kyndred,tkyndredgz@cnn.com,Male,35.107.25.89
100,613,Clementine,Chicco,cchiccoh0@sitemeter.com,Female,238.161.101.199
100,614,Rosita,Ainge,raingeh1@google.ru,Female,219.136.194.187
100,615,Daisi,Brandom,dbrandomh2@twitter.com,Female,30.175.179.152
100,616,Berkly,Ghilardini,bghilardinih3@ed.gov,Male,147.251.157.78
100,617,Kilian,Charlson,kcharlsonh4@mashable.com,Male,123.128.235.66
100,618,Barton,Brunskill,bbrunskillh5@wordpress.com,Male,98.71.182.32
100,619,Anastassia,Dinan,adinanh6@hugedomains.com,Female,94.34.183.77
100,620,Jerri,Roaf,jroafh7@cnbc.com,Male,171.98.201.188
100,621,Darnall,Philipart,dphiliparth8@studiopress.com,Male,155.248.131.21
100,622,Chuck,Bonifazio,cbonifazioh9@bloglovin.com,Male,49.23.31.41
100,623,Aldrich,Postle,apostleha@about.com,Male,86.110.22.23
100,624,Clarence,Merrison,cmerrisonhb@barnesandnoble.com,Male,202.203.5.160
100,625,Richy,Falla,rfallahc@mapquest.com,Male,74.188.67.222
100,626,Lacey,Sallier,lsallierhd@fotki.com,Female,206.61.119.211
100,627,Maressa,Mc Queen,mmcqueenhe@moonfruit.com,Female,37.72.75.222
100,628,Marlene,Collingwood,mcollingwoodhf@senate.gov,Female,38.25.94.18
100,629,Wilton,Iskov,wiskovhg@ow.ly,Male,236.101.181.226
100,630,Ruthe,Eblein,rebleinhh@globo.com,Female,65.142.185.122
100,631,Ardeen,Temblett,atembletthi@washington.edu,Female,0.244.82.69
100,632,Vally,Barthel,vbarthelhj@bizjournals.com,Female,83.156.142.187
100,633,Andros,Rockingham,arockinghamhk@acquirethisname.com,Male,30.73.203.189
100,634,Clovis,Masson,cmassonhl@google.nl,Female,22.174.3.220
100,635,Christye,Koubu,ckoubuhm@pinterest.com,Female,237.72.79.95
100,636,Muhammad,Boodell,mboodellhn@wordpress.com,Male,46.70.105.222
100,637,Iolanthe,Fullalove,ifullaloveho@macromedia.com,Female,160.182.255.144
100,638,Fernando,Vamplus,fvamplushp@list-manage.com,Male,43.77.201.168
100,639,Jefferson,Cattel,jcattelhq@google.fr,Male,30.180.227.157
100,640,Marmaduke,Champken,mchampkenhr@usgs.gov,Male,53.181.58.8
100,641,Bertrand,Van der Veldt,bvanderveldths@thetimes.co.uk,Male,185.182.7.253
100,642,Ira,Berryann,iberryannht@nasa.gov,Male,66.4.231.172
100,643,Nap,Witul,nwitulhu@cmu.edu,Male,54.188.198.168
100,644,Fletcher,de Amaya,fdeamayahv@hostgator.com,Male,16.74.14.165
100,645,Dael,Humberston,dhumberstonhw@dagondesign.com,Male,75.215.205.58
100,646,Devi,McGinn,dmcginnhx@typepad.com,Female,218.240.111.30
100,647,Helaine,Adney,hadneyhy@godaddy.com,Female,226.52.171.96
100,648,Scott,Brack,sbrackhz@about.com,Male,161.179.43.176
100,649,Jackquelin,Krelle,jkrellei0@amazon.de,Female,195.28.207.133
100,650,Ricky,Mechell,rmechelli1@vistaprint.com,Male,154.3.156.36
100,651,Wilie,Dhennin,wdhennini2@cargocollective.com,Female,19.240.200.233
100,652,Normy,Kegg,nkeggi3@google.com.au,Male,241.247.141.119
100,653,Briano,Haking,bhakingi4@usa.gov,Male,130.103.190.152
100,654,Giralda,Shelmerdine,gshelmerdinei5@sohu.com,Female,218.156.59.204
100,655,Nissy,Lerner,nlerneri6@paypal.com,Female,93.159.222.55
100,656,Fidelio,Graalman,fgraalmani7@cpanel.net,Male,195.228.158.33
100,657,Candida,Sprigging,cspriggingi8@blinklist.com,Female,139.140.169.35
100,658,Aviva,Mattock,amattocki9@slate.com,Female,136.237.94.161
100,659,Kendricks,Swainson,kswainsonia@telegraph.co.uk,Male,49.52.142.159
100,660,Cody,Milmo,cmilmoib@ehow.com,Male,150.183.150.153
100,661,Alexander,McFarland,amcfarlandic@purevolume.com,Male,122.43.59.172
100,662,Redd,Broseman,rbrosemanid@webeden.co.uk,Male,139.195.70.234
100,663,Merrilee,Wastling,mwastlingie@devhub.com,Female,219.70.154.74
100,664,Isa,Bywaters,ibywatersif@dot.gov,Female,157.36.54.61
100,665,James,Collister,jcollisterig@mlb.com,Male,44.37.245.30
100,666,Robers,Gyse,rgyseih@si.edu,Male,89.115.30.46
100,667,Edeline,Wandtke,ewandtkeii@wix.com,Female,148.241.115.80
100,668,Crysta,Learmonth,clearmonthij@nymag.com,Female,77.144.218.129
100,669,Mohandis,Swallow,mswallowik@wp.com,Male,14.19.211.169
100,670,Yehudi,Micklewright,ymicklewrightil@fotki.com,Male,127.3.91.247
100,671,Mattheus,Spiller,mspillerim@wordpress.org,Male,2.89.79.61
100,672,Lind,Trapp,ltrappin@cisco.com,Female,233.248.128.92
100,673,Aaren,Hancell,ahancellio@artisteer.com,Female,175.195.65.43
100,674,Thaxter,Boam,tboamip@php.net,Male,182.64.225.193
100,675,Hervey,Roke,hrokeiq@usatoday.com,Male,11.96.87.235
100,676,Collete,Coldridge,ccoldridgeir@nih.gov,Female,130.224.17.181
100,677,Cecilla,Burchatt,cburchattis@yellowbook.com,Female,202.58.48.12
100,678,Martin,Blore,mbloreit@cnet.com,Male,61.112.223.19
100,679,Agretha,Hallstone,ahallstoneiu@admin.ch,Female,1.164.12.118
100,680,Berne,Fearney,bfearneyiv@latimes.com,Male,104.79.157.152
100,681,Katee,Ivell,kivelliw@lulu.com,Female,228.135.103.204
100,682,Paddie,Farnish,pfarnishix@home.pl,Male,70.182.130.185
100,683,Massimiliano,Gilderoy,mgilderoyiy@opensource.org,Male,224.175.23.122
100,684,Maryann,Le Galle,mlegalleiz@shinystat.com,Female,17.81.231.98
100,685,Thane,Madison,tmadisonj0@mashable.com,Male,14.53.230.128
100,686,Pammi,Gustus,pgustusj1@google.com.au,Female,163.25.118.55
100,687,Jenna,Pinkard,jpinkardj2@theguardian.com,Female,78.147.10.167
100,688,Izak,Faveryear,ifaveryearj3@myspace.com,Male,92.249.149.114
100,689,Lynett,Cornils,lcornilsj4@blogtalkradio.com,Female,223.217.153.24
100,690,Redford,Neale,rnealej5@bloglovin.com,Male,155.99.242.37
100,691,Maddie,Hansford,mhansfordj6@creativecommons.org,Female,126.222.39.37
100,692,Shirley,Winridge,swinridgej7@wordpress.com,Female,28.171.252.145
100,693,Ruggiero,Reeks,rreeksj8@fc2.com,Male,6.218.17.200
100,694,Quintin,Albery,qalberyj9@princeton.edu,Male,151.24.150.109
100,695,Lu,Croyden,lcroydenja@skyrock.com,Female,34.218.165.11
100,696,Claudian,Shovelin,cshovelinjb@mapquest.com,Male,236.242.71.18
100,697,Jarrid,Edinboro,jedinborojc@jimdo.com,Male,144.224.23.76
100,698,Nikos,Mathelon,nmathelonjd@hud.gov,Male,3.29.137.237
100,699,Collin,Parmley,cparmleyje@mapquest.com,Male,109.228.151.96
100,700,Vic,Seviour,vseviourjf@fastcompany.com,Male,146.90.1.90
100,701,Trudey,Patnelli,tpatnellijg@newsvine.com,Female,164.234.71.109
100,702,Fredek,Pleming,fplemingjh@census.gov,Male,178.11.116.150
100,703,Nelson,Landa,nlandaji@angelfire.com,Male,125.137.210.50
100,704,Aubrette,Souza,asouzajj@google.com.au,Female,233.243.173.207
100,705,Lewiss,Priver,lpriverjk@sitemeter.com,Male,216.33.194.208
100,706,Townie,Arton,tartonjl@samsung.com,Male,225.127.139.149
100,707,Felicity,Dubble,fdubblejm@ftc.gov,Female,116.197.115.94
100,708,Leela,Kikke,lkikkejn@google.pl,Female,170.218.171.179
100,709,Gilburt,Culvey,gculveyjo@gizmodo.com,Male,187.172.208.193
100,710,Vassili,Kail,vkailjp@indiatimes.com,Male,121.99.255.31
100,711,Law,Chippendale,lchippendalejq@i2i.jp,Male,79.45.2.234
100,712,Cornall,Sherreard,csherreardjr@prweb.com,Male,174.183.138.108
100,713,Karla,Ateridge,kateridgejs@soup.io,Female,219.164.145.71
100,714,Parker,Sneddon,psneddonjt@sakura.ne.jp,Male,245.180.142.4
100,715,Brucie,Tunnacliffe,btunnacliffeju@ask.com,Male,125.202.202.114
100,716,Tarrance,Petschelt,tpetscheltjv@jalbum.net,Male,193.114.25.176
100,717,Glenda,Worton,gwortonjw@java.com,Female,109.79.130.135
100,718,Waverly,Ibanez,wibanezjx@people.com.cn,Male,180.106.124.69
100,719,Zebulen,Dunkerley,zdunkerleyjy@jigsy.com,Male,37.124.114.243
100,720,Garwin,Arkow,garkowjz@admin.ch,Male,213.226.119.68
100,721,Clint,Marquiss,cmarquissk0@spotify.com,Male,108.14.72.148
100,722,Brigitta,MacNockater,bmacnockaterk1@over-blog.com,Female,68.103.89.189
100,723,Tucky,Trayes,ttrayesk2@clickbank.net,Male,160.22.95.82
100,724,Norman,Karpf,nkarpfk3@oakley.com,Male,9.186.163.160
100,725,Nita,Wynett,nwynettk4@thetimes.co.uk,Female,190.74.90.83
100,726,Wilmette,Tilte,wtiltek5@exblog.jp,Female,206.74.77.186
100,727,Marion,Spancock,mspancockk6@salon.com,Female,187.250.116.107
100,728,Weylin,Tregonna,wtregonnak7@example.com,Male,72.242.222.169
100,729,Lynelle,Alessandretti,lalessandrettik8@house.gov,Female,184.171.129.37
100,730,Garret,Baton,gbatonk9@behance.net,Male,171.195.160.4
100,731,Shirlee,Abeles,sabeleska@stanford.edu,Female,195.88.13.152
100,732,Darnall,Korda,dkordakb@a8.net,Male,148.19.77.44
100,733,Juline,Alloway,jallowaykc@arizona.edu,Female,22.2.39.235
100,734,Domingo,Purkiss,dpurkisskd@bravesites.com,Male,227.205.37.113
100,735,Belle,Arrell,barrellke@pinterest.com,Female,247.121.108.27
100,736,Kiah,Newbold,knewboldkf@techcrunch.com,Female,224.199.243.37
100,737,Ingram,Pestor,ipestorkg@icio.us,Male,181.196.209.247
100,738,Ealasaid,Cawt,ecawtkh@abc.net.au,Female,147.98.177.42
100,739,Terrance,Hairs,thairski@so-net.ne.jp,Male,145.14.212.83
100,740,Kat,Errigo,kerrigokj@xing.com,Female,49.147.14.95
100,741,Karilynn,Wibrew,kwibrewkk@hp.com,Female,167.131.210.97
100,742,Coletta,Jeffry,cjeffrykl@github.com,Female,210.13.234.174
100,743,Abbe,Langlais,alanglaiskm@discovery.com,Male,146.236.247.197
100,744,Otis,Guerrier,oguerrierkn@wsj.com,Male,163.59.247.48
100,745,Inigo,Yurenev,iyurenevko@wired.com,Male,121.38.54.3
100,746,Francine,Ambrosi,fambrosikp@devhub.com,Female,98.221.213.53
100,747,Felipa,McCullock,fmccullockkq@examiner.com,Female,248.154.123.113
100,748,Barret,Tethacot,btethacotkr@devhub.com,Male,150.90.218.129
100,749,Jackson,Sainsbury-Brown,jsainsburybrownks@flickr.com,Male,235.56.2.135
100,750,Flint,Richarson,fricharsonkt@1688.com,Male,177.182.62.248
100,751,Lissy,Combe,lcombeku@free.fr,Female,52.251.38.142
100,752,Rem,Ramirez,rramirezkv@weebly.com,Male,16.207.214.135
100,753,Sadella,Heinlein,sheinleinkw@hp.com,Female,134.172.86.41
100,754,Cesaro,Battram,cbattramkx@oakley.com,Male,237.14.173.19
100,755,Philipa,Ennever,penneverky@hugedomains.com,Female,85.145.212.99
100,756,Konstanze,Ellinor,kellinorkz@statcounter.com,Female,8.196.201.39
100,757,Yancey,Fonso,yfonsol0@baidu.com,Male,160.178.184.8
100,758,Faun,Sheryn,fsherynl1@google.it,Female,176.135.118.42
100,759,Nadeen,Ionn,nionnl2@meetup.com,Female,139.69.91.60
100,760,Tomi,Barnett,tbarnettl3@ibm.com,Female,172.21.181.0
100,761,Osbourn,Romanet,oromanetl4@pen.io,Male,86.135.133.24
100,762,Chick,Shawel,cshawell5@moonfruit.com,Male,238.197.91.207
100,763,Bartel,Casper,bcasperl6@dell.com,Male,66.84.181.240
100,764,Charin,Rechert,crechertl7@unicef.org,Female,185.235.23.195
100,765,Bernette,Franzoli,bfranzolil8@elpais.com,Female,206.168.21.129
100,766,Nata,Battabee,nbattabeel9@amazon.co.jp,Female,35.179.80.230
100,767,Buckie,Canty,bcantyla@buzzfeed.com,Male,123.235.236.200
100,768,Doralynn,McLaggan,dmclagganlb@studiopress.com,Female,35.143.220.179
100,769,Simmonds,Summerly,ssummerlylc@last.fm,Male,245.106.193.181
100,770,Carine,Yarnall,cyarnallld@weebly.com,Female,70.105.249.250
100,771,Roseline,Sharrock,rsharrockle@nih.gov,Female,212.89.159.70
100,772,Pate,Neenan,pneenanlf@marketwatch.com,Male,186.45.10.182
100,773,Ardelis,Doohan,adoohanlg@unicef.org,Female,81.220.6.91
100,774,Cassi,Braunle,cbraunlelh@google.com.br,Female,186.81.114.223
100,775,Kevan,Brannan,kbrannanli@reuters.com,Male,57.192.187.80
100,776,Pegeen,McKinty,pmckintylj@youtube.com,Female,149.177.120.255
100,777,Andi,Willoughey,awillougheylk@wufoo.com,Female,223.240.168.235
100,778,Clarey,Chidler,cchidlerll@cnbc.com,Female,131.64.136.100
100,779,Aguistin,Portam,aportamlm@sciencedaily.com,Male,63.98.90.105
100,780,Aloysius,McCaskell,amccaskellln@google.com.au,Male,36.59.159.31
100,781,Jenda,Thrower,jthrowerlo@free.fr,Female,27.110.88.22
100,782,Jefferson,Forsythe,jforsythelp@php.net,Male,127.148.99.1
100,783,Lexie,Lisciardelli,llisciardellilq@tumblr.com,Female,209.2.137.124
100,784,Isadora,Chaster,ichasterlr@netscape.com,Female,124.241.124.164
100,785,Guillermo,Thursby,gthursbyls@hatena.ne.jp,Male,147.38.183.189
100,786,Davin,Girdlestone,dgirdlestonelt@cloudflare.com,Male,187.170.197.151
100,787,Gavrielle,Shalcras,gshalcraslu@microsoft.com,Female,47.0.161.168
100,788,Corabelle,Fetter,cfetterlv@ca.gov,Female,27.224.254.224
100,789,Kelwin,Tommasetti,ktommasettilw@uol.com.br,Male,5.179.34.102
100,790,Enid,Stains,estainslx@linkedin.com,Female,1.37.100.13
100,791,Cathee,Dirkin,cdirkinly@w3.org,Female,153.11.3.57
100,792,Elset,Zelner,ezelnerlz@fotki.com,Female,5.116.95.76
100,793,Alexa,Daniels,adanielsm0@uiuc.edu,Female,182.162.231.136
100,794,Berry,Illingsworth,billingsworthm1@shop-pro.jp,Female,237.216.233.102
100,795,Issie,Sharram,isharramm2@bluehost.com,Female,64.183.4.202
100,796,Vinny,Holdin,vholdinm3@studiopress.com,Male,160.208.76.57
100,797,Brandyn,Lehemann,blehemannm4@cisco.com,Male,209.62.174.114
100,798,Randolf,Errichelli,rerrichellim5@wired.com,Male,93.130.171.25
100,799,Myrlene,Friman,mfrimanm6@1688.com,Female,154.109.100.200
100,800,Mac,Woodstock,mwoodstockm7@hc360.com,Male,94.109.158.100
100,801,Nicoline,Elington,nelingtonm8@earthlink.net,Female,93.71.166.141
100,802,Margi,Georgot,mgeorgotm9@independent.co.uk,Female,216.98.162.3
100,803,Kordula,Gotts,kgottsma@qq.com,Female,107.153.31.107
100,804,Orbadiah,Abriani,oabrianimb@dedecms.com,Male,135.210.150.89
100,805,Alvy,Duignan,aduignanmc@hugedomains.com,Male,33.253.10.181
100,806,Iris,Pietzke,ipietzkemd@chron.com,Female,84.202.85.164
100,807,Curt,Wickes,cwickesme@google.nl,Male,62.217.211.45
100,808,Noe,Aysh,nayshmf@mac.com,Male,129.176.116.138
100,809,Benn,O'Henecan,bohenecanmg@bloglines.com,Male,104.220.64.29
100,810,Bastian,Lyosik,blyosikmh@spotify.com,Male,105.254.90.131
100,811,Elizabet,Gethouse,egethousemi@i2i.jp,Female,112.9.66.205
100,812,Hoebart,Gainsford,hgainsfordmj@spotify.com,Male,114.120.181.100
100,813,Lavena,Heggman,lheggmanmk@biglobe.ne.jp,Female,33.101.40.216
100,814,Jerad,Andreazzi,jandreazziml@ebay.co.uk,Male,12.190.235.242
100,815,Phoebe,Bhatia,pbhatiamm@oakley.com,Female,50.10.219.192
100,816,Orson,Bownas,obownasmn@sitemeter.com,Male,51.78.216.161
100,817,Free,Loddon,floddonmo@noaa.gov,Male,100.28.141.35
100,818,Benjamin,Dyett,bdyettmp@example.com,Male,149.38.170.53
100,819,Merrilee,Aurelius,maureliusmq@privacy.gov.au,Female,12.27.3.230
100,820,Claudine,Chaddock,cchaddockmr@apple.com,Female,60.107.24.104
100,821,Petronille,Kirkbright,pkirkbrightms@deviantart.com,Female,199.134.142.10
100,822,Janetta,Laden,jladenmt@google.de,Female,196.159.2.233
100,823,Tobie,Berk,tberkmu@ning.com,Male,229.177.171.166
100,824,Imogene,Rushton,irushtonmv@t-online.de,Female,104.5.30.143
100,825,Lib,Hagan,lhaganmw@redcross.org,Female,215.237.117.148
100,826,Prue,Burne,pburnemx@freewebs.com,Female,58.167.181.169
100,827,Alexandre,Hedon,ahedonmy@networkadvertising.org,Male,195.91.113.4
100,828,Montgomery,Tapper,mtappermz@flavors.me,Male,136.112.234.183
100,829,Merl,Dallas,mdallasn0@edublogs.org,Female,238.212.106.55
100,830,Madeleine,Greggs,mgreggsn1@fc2.com,Female,29.93.5.212
100,831,Giustino,Byer,gbyern2@csmonitor.com,Male,64.229.64.151
100,832,Aurlie,Medgewick,amedgewickn3@hao123.com,Female,64.243.82.169
100,833,Dwight,Downs,ddownsn4@ted.com,Male,81.126.122.233
100,834,Chrissie,Chedgey,cchedgeyn5@squarespace.com,Male,158.156.206.204
100,835,Simon,La Torre,slatorren6@theatlantic.com,Male,124.187.146.90
100,836,Nicolle,Ponten,npontenn7@webmd.com,Female,225.101.202.206
100,837,Maxi,Skelhorne,mskelhornen8@blog.com,Female,80.101.192.89
100,838,Wildon,Darke,wdarken9@google.com.au,Male,108.15.0.173
100,839,Shawn,Everton,severtonna@pbs.org,Female,225.104.17.230
100,840,Dasie,Garrit,dgarritnb@paginegialle.it,Female,145.65.215.5
100,841,Stephen,James,sjamesnc@mediafire.com,Male,194.89.237.144
100,842,Obie,Weatherdon,oweatherdonnd@multiply.com,Male,110.36.115.46
100,843,Annelise,Shears,ashearsne@stanford.edu,Female,20.203.30.221
100,844,Oliver,Banes,obanesnf@qq.com,Male,133.226.138.206
100,845,Tomasina,Broszkiewicz,tbroszkiewiczng@va.gov,Female,247.161.48.121
100,846,Junia,Challener,jchallenernh@china.com.cn,Female,206.214.249.40
100,847,Adelaide,MacCallam,amaccallamni@washington.edu,Female,172.228.132.215
100,848,Cicily,Trahar,ctraharnj@drupal.org,Female,166.1.131.152
100,849,Binni,Dyde,bdydenk@vimeo.com,Female,180.187.139.36
100,850,Fremont,Urpeth,furpethnl@uiuc.edu,Male,234.49.217.195
100,851,Jodee,Sherrett,jsherrettnm@cyberchimps.com,Female,249.215.239.221
100,852,Maggi,Blackadder,mblackaddernn@google.cn,Female,35.70.19.56
100,853,Marcia,Rainger,mraingerno@latimes.com,Female,76.237.37.172
100,854,Nolly,Zemler,nzemlernp@stumbleupon.com,Male,204.128.162.11
100,855,Todd,Yateman,tyatemannq@jigsy.com,Male,55.213.63.228
100,856,Kin,Rangeley,krangeleynr@livejournal.com,Male,58.238.2.141
100,857,Berkley,Paulley,bpaulleyns@mashable.com,Male,28.61.1.217
100,858,Humfrid,Oldham,holdhamnt@craigslist.org,Male,57.53.30.5
100,859,Albrecht,Hatfull,ahatfullnu@shareasale.com,Male,199.52.174.127
100,860,Antonia,Chadwen,achadwennv@hp.com,Female,63.161.71.67
100,861,Monroe,Moth,mmothnw@theatlantic.com,Male,158.6.105.31
100,862,Muriel,Jorcke,mjorckenx@nasa.gov,Female,177.40.66.122
100,863,Simone,Hennington,shenningtonny@nsw.gov.au,Male,247.162.65.201
100,864,Porty,Edlyne,pedlynenz@privacy.gov.au,Male,153.198.195.25
100,865,Norrie,Cleland,nclelando0@drupal.org,Male,201.12.119.122
100,866,Bary,Ryle,bryleo1@edublogs.org,Male,75.133.109.32
100,867,Avivah,Brandts,abrandtso2@seesaa.net,Female,110.196.124.64
100,868,Estele,Wittrington,ewittringtono3@behance.net,Female,131.235.250.0
100,869,Peyter,Monte,pmonteo4@shinystat.com,Male,135.201.207.116
100,870,Hurlee,Slesser,hslessero5@1und1.de,Male,87.203.96.87
100,871,Charmain,Mullin,cmullino6@miitbeian.gov.cn,Female,128.121.41.101
100,872,Jon,Bywaters,jbywaterso7@usnews.com,Male,184.168.109.18
100,873,Lurleen,Cragoe,lcragoeo8@telegraph.co.uk,Female,18.231.184.239
100,874,Mead,Glanz,mglanzo9@sfgate.com,Female,195.213.202.42
100,875,Lorilee,Legerwood,llegerwoodoa@csmonitor.com,Female,75.142.28.168
100,876,Sissy,Humbee,shumbeeob@dailymail.co.uk,Female,3.209.222.175
100,877,Felicity,Longridge,flongridgeoc@columbia.edu,Female,72.183.120.233
100,878,Goldy,Samuels,gsamuelsod@house.gov,Female,157.52.35.207
100,879,Harold,Arnley,harnleyoe@eventbrite.com,Male,54.63.109.79
100,880,Hannie,Durram,hdurramof@google.it,Female,232.252.76.72
100,881,Rik,Mac Giolla Pheadair,rmacgiollapheadairog@aboutads.info,Male,118.97.43.162
100,882,Florella,Tweed,ftweedoh@gnu.org,Female,115.71.3.180
100,883,Morgana,Howselee,mhowseleeoi@blogtalkradio.com,Female,189.83.51.122
100,884,Chandler,Ellaman,cellamanoj@adobe.com,Male,108.205.200.245
100,885,Kile,Bubeer,kbubeerok@nymag.com,Male,221.188.83.37
100,886,Erinna,Ernshaw,eernshawol@slate.com,Female,240.206.173.86
100,887,Jorey,Cornely,jcornelyom@amazon.com,Female,32.93.47.66
100,888,Sophia,McKernan,smckernanon@mayoclinic.com,Female,237.119.134.46
100,889,Dasha,Naulls,dnaullsoo@nsw.gov.au,Female,187.160.129.218
100,890,Alvan,Winsper,awinsperop@t-online.de,Male,201.90.242.151
100,891,Maisey,Knightsbridge,mknightsbridgeoq@zdnet.com,Female,9.214.153.174
100,892,Franciskus,Yakebowitch,fyakebowitchor@tripadvisor.com,Male,36.214.117.152
100,893,Toinette,Headland,theadlandos@yolasite.com,Female,115.182.186.119
100,894,Ross,Digg,rdiggot@marriott.com,Male,138.248.140.140
100,895,Camilla,Risbrough,crisbroughou@earthlink.net,Female,112.92.236.87
100,896,Cirstoforo,Osban,cosbanov@symantec.com,Male,168.148.156.218
100,897,Skye,Petrollo,spetrolloow@1und1.de,Male,109.248.219.80
100,898,Lexi,Keady,lkeadyox@wikimedia.org,Female,188.211.239.37
100,899,Bebe,Cloney,bcloneyoy@msu.edu,Female,55.8.147.105
100,900,Neale,Vigneron,nvigneronoz@java.com,Male,184.243.70.120
100,901,Tomlin,Moxley,tmoxleyp0@china.com.cn,Male,22.132.248.32
100,902,Niel,Bartalin,nbartalinp1@washingtonpost.com,Male,85.195.167.137
100,903,Zeke,Sleight,zsleightp2@nih.gov,Male,37.237.170.43
100,904,Diarmid,Segge,dseggep3@miibeian.gov.cn,Male,139.241.221.62
100,905,Dalton,Orton,dortonp4@cisco.com,Male,247.1.43.152
100,906,Kaila,Doding,kdodingp5@china.com.cn,Female,187.118.0.206
100,907,Bevon,Everett,beverettp6@furl.net,Male,53.178.176.132
100,908,Madlen,Swyndley,mswyndleyp7@pagesperso-orange.fr,Female,182.166.59.199
100,909,Anna-diana,Gaythor,agaythorp8@friendfeed.com,Female,117.61.132.184
100,910,Kerr,Brandli,kbrandlip9@themeforest.net,Male,161.137.14.73
100,911,Stanislas,Eathorne,seathornepa@house.gov,Male,152.186.221.55
100,912,Laural,Ollin,lollinpb@privacy.gov.au,Female,72.41.246.254
100,913,Brucie,Grece,bgrecepc@salon.com,Male,253.196.243.232
100,914,Sanson,O'Cannon,socannonpd@biglobe.ne.jp,Male,182.90.220.189
100,915,Jens,Rylance,jrylancepe@ucoz.com,Male,216.141.43.141
100,916,Lisbeth,Ebden,lebdenpf@ca.gov,Female,114.203.228.80
100,917,Parry,Blitzer,pblitzerpg@chron.com,Male,144.51.66.8
100,918,Ezra,Happert,ehappertph@github.io,Male,21.235.129.219
100,919,Sarine,Sappy,ssappypi@123-reg.co.uk,Female,64.48.246.23
100,920,Trixy,Rableau,trableaupj@blogtalkradio.com,Female,162.4.24.243
100,921,Fancie,Leeb,fleebpk@symantec.com,Female,139.12.25.249
100,922,Briggs,Bernaert,bbernaertpl@desdev.cn,Male,197.37.64.184
100,923,Chickie,Wallbridge,cwallbridgepm@google.pl,Male,53.10.86.77
100,924,Adaline,Gladdis,agladdispn@cornell.edu,Female,90.250.193.84
100,925,Zelma,Manis,zmanispo@discuz.net,Female,111.126.48.71
100,926,Rory,Tixier,rtixierpp@ovh.net,Male,125.197.165.224
100,927,Udale,Blazy,ublazypq@epa.gov,Male,236.120.61.185
100,928,Richmond,Cromarty,rcromartypr@1688.com,Male,154.101.48.181
100,929,Sigismund,Venner,svennerps@nhs.uk,Male,238.7.185.38
100,930,Helenka,Tootin,htootinpt@bluehost.com,Female,127.153.123.246
100,931,Harmonie,Virr,hvirrpu@wp.com,Female,132.106.130.197
100,932,Truda,Woodyear,twoodyearpv@indiegogo.com,Female,196.26.155.129
100,933,Evelyn,Gamlin,egamlinpw@livejournal.com,Male,156.116.3.86
100,934,Harley,O'Corr,hocorrpx@jiathis.com,Male,143.145.19.19
100,935,Boyd,Iacomo,biacomopy@npr.org,Male,177.204.129.175
100,936,Ilka,Sotham,isothampz@sina.com.cn,Female,157.64.117.16
100,937,Aland,Roskelley,aroskelleyq0@geocities.jp,Male,88.152.165.68
100,938,Karlen,Conkie,kconkieq1@quantcast.com,Female,226.69.220.65
100,939,Stepha,Edgworth,sedgworthq2@dagondesign.com,Female,21.201.40.3
100,940,Cymbre,Weatherburn,cweatherburnq3@phoca.cz,Female,215.200.126.207
100,941,Berna,Condon,bcondonq4@senate.gov,Female,156.234.252.95
100,942,Corbie,Lawland,clawlandq5@ebay.com,Male,93.89.97.222
100,943,Essa,Gronw,egronwq6@xing.com,Female,178.70.92.61
100,944,Saunders,Martel,smartelq7@tumblr.com,Male,143.171.86.28
100,945,Neall,Jenks,njenksq8@rambler.ru,Male,55.249.18.32
100,946,Germain,Leftridge,gleftridgeq9@bbb.org,Male,128.22.99.12
100,947,Yorgo,Hegg,yheggqa@vimeo.com,Male,4.69.235.143
100,948,Jourdain,Leyfield,jleyfieldqb@mayoclinic.com,Male,200.55.96.81
100,949,Cornelia,Jochen,cjochenqc@meetup.com,Female,51.183.232.55
100,950,Ursula,Shera,usheraqd@networkadvertising.org,Female,244.18.29.100
100,951,Haskell,Cudby,hcudbyqe@squarespace.com,Male,1.124.69.128
100,952,Marinna,Hazeman,mhazemanqf@reference.com,Female,201.17.113.192
100,953,Crichton,MacAlpin,cmacalpinqg@jigsy.com,Male,16.77.249.4
100,954,Caralie,Gasquoine,cgasquoineqh@netvibes.com,Female,38.215.22.122
100,955,Abbott,Phidgin,aphidginqi@skyrock.com,Male,185.28.151.77
100,956,Hersch,Brinkworth,hbrinkworthqj@wikimedia.org,Male,49.152.71.156
100,957,Hannah,Berndsen,hberndsenqk@mozilla.org,Female,157.41.185.43
100,958,Cherlyn,Silvermann,csilvermannql@businessweek.com,Female,26.220.148.48
100,959,Lucilia,Curtayne,lcurtayneqm@exblog.jp,Female,138.51.176.1
100,960,Cornall,Fallows,cfallowsqn@deliciousdays.com,Male,98.105.1.103
100,961,Friedrich,Henriksson,fhenrikssonqo@archive.org,Male,13.73.195.43
100,962,Clarey,Espadero,cespaderoqp@ycombinator.com,Female,239.108.97.115
100,963,Jewelle,Aitkenhead,jaitkenheadqq@addtoany.com,Female,121.12.163.98
100,964,Bradly,Frandsen,bfrandsenqr@europa.eu,Male,165.224.51.111
100,965,Lin,Gallegos,lgallegosqs@amazon.co.uk,Female,17.90.238.18
100,966,Hyatt,Kacheller,hkachellerqt@eventbrite.com,Male,231.90.218.208
100,967,Todd,Bleacher,tbleacherqu@histats.com,Male,123.147.247.136
100,968,Reidar,Adger,radgerqv@miibeian.gov.cn,Male,150.101.34.43
100,969,Salomone,Miko,smikoqw@state.gov,Male,94.215.110.118
100,970,Emalee,Dearnaly,edearnalyqx@t-online.de,Female,4.122.171.128
100,971,Orsa,Vallender,ovallenderqy@geocities.com,Female,31.222.178.209
100,972,Chaunce,Harte,charteqz@goo.gl,Male,201.156.105.4
100,973,Raddy,Shreeves,rshreevesr0@tinypic.com,Male,40.180.68.32
100,974,Ty,Trathen,ttrathenr1@digg.com,Male,252.85.177.32
100,975,Leoline,Edworthye,ledworthyer2@live.com,Female,182.61.167.17
100,976,Lesly,Cox,lcoxr3@joomla.org,Female,121.197.7.74
100,977,Skelly,Ragbourn,sragbournr4@dot.gov,Male,8.23.151.120
100,978,Twyla,Corley,tcorleyr5@51.la,Female,234.159.107.239
100,979,Lissa,Connar,lconnarr6@webs.com,Female,190.18.152.23
100,980,Ursuline,Ianiello,uianiellor7@prlog.org,Female,104.97.91.246
100,981,Brucie,Fallen,bfallenr8@reverbnation.com,Male,49.158.166.79
100,982,Hussein,Scarlin,hscarlinr9@pagesperso-orange.fr,Male,191.139.116.171
100,983,Germaine,Emmett,gemmettra@paypal.com,Female,224.173.219.10
100,984,Nickie,Bottinelli,nbottinellirb@symantec.com,Male,200.232.194.114
100,985,Rip,Diemer,rdiemerrc@myspace.com,Male,2.105.98.16
100,986,Clementina,Garie,cgarierd@columbia.edu,Female,6.230.253.244
100,987,Ilario,McKibbin,imckibbinre@issuu.com,Male,170.161.190.94
100,988,Emlynn,Keig,ekeigrf@sun.com,Female,162.64.14.213
100,989,Sherwood,Breeze,sbreezerg@last.fm,Male,33.55.104.238
100,990,Catriona,Ellingworth,cellingworthrh@sphinn.com,Female,165.168.7.115
100,991,Chalmers,Kytley,ckytleyri@ebay.co.uk,Male,14.58.242.234
100,992,Shir,MacCombe,smaccomberj@senate.gov,Female,13.183.212.186
100,993,Elayne,Baldery,ebalderyrk@uol.com.br,Female,91.140.39.213
100,994,Durward,Spaight,dspaightrl@businessinsider.com,Male,74.161.143.150
100,995,Rickert,Huggen,rhuggenrm@sbwire.com,Male,74.186.155.102
100,996,Jecho,Gresty,jgrestyrn@alexa.com,Male,212.126.211.183
100,997,Burl,Shirt,bshirtro@twitpic.com,Male,53.60.102.46
100,998,Toby,Snazle,tsnazlerp@arizona.edu,Male,98.127.23.168
100,999,Boothe,Hubbard,bhubbardrq@fastcompany.com,Male,147.106.243.86
100,1000,Lin,Berthel,lberthelrr@gov.uk,Female,127.71.173.67
